,Season,Home Team,Home Score,-,Away Score,Away Team
0,2014/15,Trojans 1,22.0,-,16.0,Kingfisher 1
1,2014/15,Bec 1,26.0,-,16.0,Norwich Knights 1
2,2014/15,Birmingham City 1,5.0,-,21.0,Nomads 1
3,2014/15,Nomads 1,14.0,-,21.0,KV 1
4,2014/15,Trojans 1,27.0,-,10.0,Tornadoes 1
5,2014/15,Norwich Knights 1,21.0,-,10.0,Kingfisher 1
6,2014/15,Bec 1,33.0,-,10.0,Birmingham City 1
7,2014/15,Tornadoes 1,11.0,-,24.0,Nomads 1
8,2014/15,Birmingham City 1,11.0,-,26.0,Norwich Knights 1
9,2014/15,Bec 1,24.0,-,21.0,Trojans 1
10,2014/15,Norwich Knights 1,24.0,-,19.0,Tornadoes 1
11,2014/15,Birmingham City 1,18.0,-,21.0,Kingfisher 1
12,2014/15,KV 1,24.0,-,11.0,Tornadoes 1
13,2014/15,Nomads 1,18.0,-,8.0,Birmingham City 1
14,2014/15,Norwich Knights 1,16.0,-,25.0,Bec 1
15,2014/15,Kingfisher 1,23.0,-,22.0,Trojans 1
16,2014/15,Birmingham City 1,11.0,-,31.0,Trojans 1
17,2014/15,Trojans 1,18.0,-,14.0,Nomads 1
18,2014/15,Tornadoes 1,20.0,-,15.0,Birmingham City 1
19,2014/15,KV 1,22.0,-,12.0,Norwich Knights 1
20,2014/15,Kingfisher 1,18.0,-,28.0,Bec 1
21,2014/15,Nomads 1,15.0,-,20.0,Bec 1
22,2014/15,Trojans 1,26.0,-,25.0,KV 1
23,2014/15,Nomads 1,19.0,-,21.0,Kingfisher 1
24,2014/15,Norwich Knights 1,14.0,-,18.0,Trojans 1
25,2014/15,KV 1,24.0,-,10.0,Birmingham City 1
26,2014/15,Tornadoes 1,19.0,-,30.0,Bec 1
27,2014/15,Bec 1,19.0,-,11.0,Kingfisher 1
28,2014/15,Tornadoes 1,22.0,-,27.0,Kingfisher 1
29,2014/15,Norwich Knights 1,14.0,-,13.0,Nomads 1
30,2014/15,KV 1,15.0,-,24.0,Bec 1
31,2014/15,Nomads 1,16.0,-,27.0,Trojans 1
32,2014/15,Norwich Knights 1,14.0,-,20.0,KV 1
33,2014/15,Birmingham City 1,16.0,-,26.0,Tornadoes 1
34,2014/15,Kingfisher 1,16.0,-,16.0,KV 1
35,2014/15,KV 1,28.0,-,12.0,Kingfisher 1
36,2014/15,Nomads 1,16.0,-,18.0,Tornadoes 1
37,2014/15,Trojans 1,16.0,-,12.0,Bec 1
38,2014/15,Norwich Knights 1,10.0,-,0.0,Birmingham City 1
39,2014/15,Kingfisher 1,25.0,-,26.0,Tornadoes 1
40,2014/15,Trojans 1,39.0,-,5.0,Birmingham City 1
41,2014/15,Nomads 1,26.0,-,17.0,Norwich Knights 1
42,2014/15,Bec 1,17.0,-,11.0,KV 1
43,2014/15,Tornadoes 1,17.0,-,21.0,KV 1
44,2014/15,KV 1,14.0,-,10.0,Nomads 1
45,2014/15,Birmingham City 1,16.0,-,32.0,Bec 1
46,2014/15,Kingfisher 1,23.0,-,23.0,Norwich Knights 1
47,2014/15,Tornadoes 1,21.0,-,27.0,Trojans 1
48,2014/15,Bec 1,25.0,-,13.0,Tornadoes 1
49,2014/15,Trojans 1,23.0,-,12.0,Norwich Knights 1
50,2014/15,Birmingham City 1,17.0,-,28.0,KV 1
51,2014/15,Kingfisher 1,16.0,-,16.0,Nomads 1
52,2014/15,Bec 1,36.0,-,15.0,Nomads 1
53,2014/15,Tornadoes 1,17.0,-,17.0,Norwich Knights 1
54,2014/15,Kingfisher 1,24.0,-,11.0,Birmingham City 1
55,2014/15,KV 1,12.0,-,18.0,Trojans 1
56,2015/16,Kingfisher 1,14.0,-,19.0,Bec 1
57,2015/16,Tornadoes 1,17.0,-,15.0,Nomads 1
58,2015/16,Norwich Knights 1,16.0,-,22.0,Trojans 1
59,2015/16,Croydon 1,7.0,-,25.0,KV 1
60,2015/16,Tornadoes 1,18.0,-,23.0,Kingfisher 1
61,2015/16,KV 1,13.0,-,34.0,Bec 1
62,2015/16,Nomads 1,20.0,-,12.0,Norwich Knights 1
63,2015/16,Croydon 1,8.0,-,48.0,Trojans 1
64,2015/16,Norwich Knights 1,20.0,-,9.0,KV 1
65,2015/16,Bec 1,20.0,-,18.0,Trojans 1
66,2015/16,Kingfisher 1,22.0,-,23.0,Nomads 1
67,2015/16,Croydon 1,7.0,-,27.0,Tornadoes 1
68,2015/16,KV 1,31.0,-,10.0,Croydon 1
69,2015/16,Nomads 1,24.0,-,16.0,Tornadoes 1
70,2015/16,Trojans 1,27.0,-,14.0,Norwich Knights 1
71,2015/16,Bec 1,22.0,-,14.0,Kingfisher 1
72,2015/16,KV 1,14.0,-,19.0,Tornadoes 1
73,2015/16,Nomads 1,13.0,-,23.0,Trojans 1
74,2015/16,Norwich Knights 1,20.0,-,16.0,Kingfisher 1
75,2015/16,Bec 1,34.0,-,6.0,Croydon 1
76,2015/16,Kingfisher 1,17.0,-,13.0,KV 1
77,2015/16,Norwich Knights 1,17.0,-,34.0,Bec 1
78,2015/16,Croydon 1,5.0,-,24.0,Nomads 1
79,2015/16,Trojans 1,22.0,-,13.0,Tornadoes 1
80,2015/16,Kingfisher 1,17.0,-,19.0,Trojans 1
81,2015/16,Nomads 1,24.0,-,15.0,KV 1
82,2015/16,Croydon 1,10.0,-,35.0,Norwich Knights 1
83,2015/16,Bec 1,34.0,-,13.0,Tornadoes 1
84,2015/16,Bec 1,18.0,-,9.0,Nomads 1
85,2015/16,KV 1,16.0,-,17.0,Trojans 1
86,2015/16,Norwich Knights 1,13.0,-,16.0,Tornadoes 1
87,2015/16,Croydon 1,7.0,-,31.0,Kingfisher 1
88,2015/16,Trojans 1,19.0,-,18.0,Nomads 1
89,2015/16,Tornadoes 1,14.0,-,17.0,KV 1
90,2015/16,Kingfisher 1,22.0,-,18.0,Norwich Knights 1
91,2015/16,Croydon 1,7.0,-,39.0,Bec 1
92,2015/16,KV 1,12.0,-,18.0,Kingfisher 1
93,2015/16,Nomads 1,35.0,-,13.0,Croydon 1
94,2015/16,Tornadoes 1,18.0,-,35.0,Trojans 1
95,2015/16,Bec 1,18.0,-,14.0,Norwich Knights 1
96,2015/16,Norwich Knights 1,42.0,-,10.0,Croydon 1
97,2015/16,Trojans 1,33.0,-,19.0,Kingfisher 1
98,2015/16,KV 1,9.0,-,16.0,Nomads 1
99,2015/16,Tornadoes 1,8.0,-,21.0,Bec 1
100,2015/16,Kingfisher 1,20.0,-,20.0,Tornadoes 1
101,2015/16,Trojans 1,33.0,-,18.0,Croydon 1
102,2015/16,Norwich Knights 1,27.0,-,21.0,Nomads 1
103,2015/16,Bec 1,30.0,-,11.0,KV 1
104,2015/16,Trojans 1,37.0,-,14.0,KV 1
105,2015/16,Nomads 1,15.0,-,30.0,Bec 1
106,2015/16,Kingfisher 1,39.0,-,10.0,Croydon 1
107,2015/16,Tornadoes 1,22.0,-,30.0,Norwich Knights 1
108,2015/16,Trojans 1,17.0,-,14.0,Bec 1
109,2015/16,KV 1,18.0,-,25.0,Norwich Knights 1
110,2015/16,Nomads 1,14.0,-,17.0,Kingfisher 1
111,2015/16,Tornadoes 1,34.0,-,14.0,Croydon 1
112,2016/17,Bearsted 1,19.0,-,22.0,KV 1
113,2016/17,Trojans 1,24.0,-,16.0,Norwich Knights 1
114,2016/17,Tornadoes 1,15.0,-,19.0,Nomads 1
115,2016/17,Kingfisher 1,12.0,-,15.0,Bec 1
116,2016/17,Bec 1,17.0,-,10.0,Tornadoes 1
117,2016/17,Kingfisher 1,12.0,-,30.0,Trojans 1
118,2016/17,Bearsted 1,4.0,-,37.0,Norwich Knights 1
119,2016/17,KV 1,16.0,-,23.0,Nomads 1
120,2016/17,Nomads 1,14.0,-,29.0,Trojans 1
121,2016/17,KV 1,11.0,-,33.0,Trojans 1
122,2016/17,Tornadoes 1,17.0,-,31.0,Norwich Knights 1
123,2016/17,Bearsted 1,12.0,-,26.0,Kingfisher 1
124,2016/17,Bec 1,22.0,-,14.0,Nomads 1
125,2016/17,Nomads 1,18.0,-,17.0,Kingfisher 1
126,2016/17,KV 1,17.0,-,21.0,Norwich Knights 1
127,2016/17,Bec 1,24.0,-,31.0,Trojans 1
128,2016/17,Bearsted 1,6.0,-,29.0,Tornadoes 1
129,2016/17,Kingfisher 1,23.0,-,11.0,Bearsted 1
130,2016/17,Trojans 1,46.0,-,6.0,Bearsted 1
131,2016/17,Nomads 1,24.0,-,24.0,Norwich Knights 1
132,2016/17,Tornadoes 1,20.0,-,21.0,Kingfisher 1
133,2016/17,KV 1,10.0,-,26.0,Bec 1
134,2016/17,Bec 1,44.0,-,11.0,Bearsted 1
135,2016/17,Norwich Knights 1,26.0,-,19.0,Kingfisher 1
136,2016/17,KV 1,17.0,-,36.0,Tornadoes 1
137,2016/17,Trojans 1,25.0,-,25.0,Tornadoes 1
138,2016/17,Bearsted 1,15.0,-,24.0,Nomads 1
139,2016/17,Kingfisher 1,18.0,-,14.0,KV 1
140,2016/17,Nomads 1,23.0,-,10.0,Bearsted 1
141,2016/17,Tornadoes 1,20.0,-,23.0,Trojans 1
142,2016/17,Bec 1,21.0,-,13.0,Norwich Knights 1
143,2016/17,KV 1,15.0,-,18.0,Kingfisher 1
144,2016/17,Trojans 1,31.0,-,19.0,Kingfisher 1
145,2016/17,Norwich Knights 1,34.0,-,8.0,Bearsted 1
146,2016/17,Tornadoes 1,20.0,-,33.0,Bec 1
147,2016/17,Nomads 1,25.0,-,15.0,KV 1
148,2016/17,Trojans 1,23.0,-,19.0,Bec 1
149,2016/17,Norwich Knights 1,28.0,-,17.0,KV 1
150,2016/17,Tornadoes 1,24.0,-,18.0,Bearsted 1
151,2016/17,Kingfisher 1,23.0,-,11.0,Nomads 1
152,2016/17,Norwich Knights 1,22.0,-,26.0,Bec 1
153,2016/17,Trojans 1,37.0,-,17.0,Nomads 1
154,2016/17,Kingfisher 1,25.0,-,24.0,Norwich Knights 1
155,2016/17,Bearsted 1,8.0,-,36.0,Bec 1
156,2016/17,Tornadoes 1,18.0,-,14.0,KV 1
157,2016/17,KV 1,26.0,-,20.0,Bearsted 1
158,2016/17,Norwich Knights 1,24.0,-,18.0,Trojans 1
159,2016/17,Nomads 1,18.0,-,21.0,Tornadoes 1
160,2016/17,Bec 1,17.0,-,15.0,Kingfisher 1
161,2016/17,Norwich Knights 1,22.0,-,15.0,Nomads 1
162,2016/17,Bearsted 1,9.0,-,41.0,Trojans 1
163,2016/17,Kingfisher 1,20.0,-,24.0,Tornadoes 1
164,2016/17,Bec 1,27.0,-,10.0,KV 1
165,2016/17,Trojans 1,27.0,-,13.0,KV 1
166,2016/17,Norwich Knights 1,27.0,-,19.0,Tornadoes 1
167,2016/17,Nomads 1,17.0,-,21.0,Bec 1
168,2017/18,Tornadoes 1,20.0,-,6.0,Birmingham City 1
169,2017/18,Cambridge Tigers 1,17.0,-,33.0,Trojans 1
170,2017/18,Bearsted 1,14.0,-,19.0,Cambridge Tigers 1
171,2017/18,Norwich Knights 1,22.0,-,14.0,KV 1
172,2017/18,Kingfisher 1,30.0,-,24.0,Nomads 1
173,2017/18,Trojans 1,22.0,-,24.0,Bec 1
174,2017/18,Bearsted 1,17.0,-,35.0,Kingfisher 1
175,2017/18,KV 1,13.0,-,13.0,Birmingham City 1
176,2017/18,Trojans 1,25.0,-,17.0,Norwich Knights 1
177,2017/18,Cambridge Tigers 1,8.0,-,36.0,Bec 1
178,2017/18,Kingfisher 1,28.0,-,17.0,KV 1
179,2017/18,Nomads 1,18.0,-,11.0,Cambridge Tigers 1
180,2017/18,Trojans 1,24.0,-,22.0,Tornadoes 1
181,2017/18,Bearsted 1,15.0,-,18.0,Birmingham City 1
182,2017/18,Birmingham City 1,13.0,-,12.0,Nomads 1
183,2017/18,Bearsted 1,19.0,-,43.0,Trojans 1
184,2017/18,Tornadoes 1,22.0,-,18.0,Norwich Knights 1
185,2017/18,Bec 1,25.0,-,6.0,KV 1
186,2017/18,Kingfisher 1,29.0,-,9.0,Cambridge Tigers 1
187,2017/18,Bearsted 1,18.0,-,16.0,KV 1
188,2017/18,Bec 1,22.0,-,19.0,Tornadoes 1
189,2017/18,Nomads 1,15.0,-,18.0,Norwich Knights 1
190,2017/18,Birmingham City 1,17.0,-,23.0,Kingfisher 1
191,2017/18,Tornadoes 1,34.0,-,18.0,KV 1
192,2017/18,Kingfisher 1,17.0,-,21.0,Bec 1
193,2017/18,Nomads 1,17.0,-,31.0,Trojans 1
194,2017/18,Kingfisher 1,20.0,-,22.0,Tornadoes 1
195,2017/18,Birmingham City 1,16.0,-,33.0,Trojans 1
196,2017/18,Bearsted 1,20.0,-,41.0,Bec 1
197,2017/18,Cambridge Tigers 1,8.0,-,35.0,Norwich Knights 1
198,2017/18,KV 1,22.0,-,19.0,Nomads 1
199,2017/18,KV 1,22.0,-,22.0,Cambridge Tigers 1
200,2017/18,Birmingham City 1,9.0,-,29.0,Norwich Knights 1
201,2017/18,Tornadoes 1,49.0,-,14.0,Bearsted 1
202,2017/18,Nomads 1,14.0,-,19.0,Bec 1
203,2017/18,Kingfisher 1,23.0,-,30.0,Trojans 1
204,2017/18,Bec 1,32.0,-,24.0,Norwich Knights 1
205,2017/18,Nomads 1,20.0,-,16.0,Bearsted 1
206,2017/18,Norwich Knights 1,23.0,-,11.0,Kingfisher 1
207,2017/18,Bec 1,31.0,-,10.0,Birmingham City 1
208,2017/18,Cambridge Tigers 1,18.0,-,27.0,Tornadoes 1
209,2017/18,KV 1,21.0,-,11.0,Kingfisher 1
210,2017/18,Birmingham City 1,16.0,-,9.0,Bearsted 1
211,2017/18,Cambridge Tigers 1,16.0,-,18.0,Nomads 1
212,2017/18,Tornadoes 1,21.0,-,27.0,Trojans 1
213,2017/18,Trojans 1,35.0,-,14.0,Bearsted 1
214,2017/18,KV 1,7.0,-,29.0,Bec 1
215,2017/18,Cambridge Tigers 1,11.0,-,28.0,Kingfisher 1
216,2017/18,Nomads 1,24.0,-,13.0,Birmingham City 1
217,2017/18,Birmingham City 1,11.0,-,19.0,KV 1
218,2017/18,Tornadoes 1,21.0,-,19.0,Nomads 1
219,2017/18,Norwich Knights 1,22.0,-,19.0,Tornadoes 1
220,2017/18,Bearsted 1,11.0,-,38.0,Tornadoes 1
221,2017/18,Bec 1,26.0,-,10.0,Nomads 1
222,2017/18,Trojans 1,22.0,-,19.0,Kingfisher 1
223,2017/18,Norwich Knights 1,24.0,-,11.0,Birmingham City 1
224,2017/18,Cambridge Tigers 1,7.0,-,21.0,KV 1
225,2017/18,Bec 1,28.0,-,15.0,Cambridge Tigers 1
226,2017/18,Norwich Knights 1,22.0,-,27.0,Trojans 1
227,2017/18,Nomads 1,18.0,-,21.0,Tornadoes 1
228,2017/18,Trojans 1,32.0,-,11.0,KV 1
229,2017/18,Tornadoes 1,33.0,-,17.0,Cambridge Tigers 1
230,2017/18,KV 1,9.0,-,29.0,Trojans 1
231,2017/18,Birmingham City 1,7.0,-,25.0,Bec 1
232,2017/18,Kingfisher 1,22.0,-,29.0,Norwich Knights 1
233,2017/18,Bearsted 1,13.0,-,27.0,Nomads 1
234,2017/18,Bec 1,24.0,-,21.0,Kingfisher 1
235,2017/18,Bearsted 1,12.0,-,34.0,Norwich Knights 1
236,2017/18,Trojans 1,35.0,-,23.0,Nomads 1
237,2017/18,KV 1,10.0,-,18.0,Tornadoes 1
238,2017/18,Norwich Knights 1,43.0,-,9.0,Bearsted 1
239,2017/18,Cambridge Tigers 1,14.0,-,14.0,Birmingham City 1
240,2017/18,Birmingham City 1,14.0,-,19.0,Cambridge Tigers 1
241,2017/18,Tornadoes 1,21.0,-,27.0,Bec 1
242,2017/18,Trojans 1,33.0,-,13.0,Cambridge Tigers 1
243,2017/18,Norwich Knights 1,30.0,-,17.0,Nomads 1
244,2017/18,Kingfisher 1,31.0,-,19.0,Birmingham City 1
245,2017/18,KV 1,16.0,-,18.0,Bearsted 1
246,2017/18,Tornadoes 1,23.0,-,25.0,Kingfisher 1
247,2017/18,Bec 1,31.0,-,9.0,Bearsted 1
248,2017/18,Trojans 1,36.0,-,10.0,Birmingham City 1
249,2017/18,Norwich Knights 1,32.0,-,8.0,Cambridge Tigers 1
250,2017/18,Nomads 1,18.0,-,20.0,KV 1
251,2017/18,Norwich Knights 1,26.0,-,33.0,Bec 1
252,2017/18,Bec 1,15.0,-,27.0,Trojans 1
253,2017/18,Birmingham City 1,13.0,-,29.0,Tornadoes 1
254,2017/18,KV 1,16.0,-,16.0,Norwich Knights 1
255,2017/18,Nomads 1,17.0,-,16.0,Kingfisher 1
256,2017/18,Cambridge Tigers 1,15.0,-,12.0,Bearsted 1
257,2017/18,Kingfisher 1,41.0,-,9.0,Bearsted 1
258,2018/19,Bristol Thunder 1,20.0,-,21.0,Nomads 1
259,2018/19,Kingfisher 1,23.0,-,17.0,KV 1
260,2018/19,Trojans 1,21.0,-,14.0,Tornadoes 1
261,2018/19,Cambridge Tigers 1,13.0,-,15.0,Birmingham City 1
262,2018/19,Bec 1,16.0,-,22.0,Norwich Knights 1
263,2018/19,Tornadoes 1,38.0,-,15.0,Bristol Thunder 1
264,2018/19,KV 1,19.0,-,22.0,Cambridge Tigers 1
265,2018/19,Birmingham City 1,7.0,-,34.0,Bec 1
266,2018/19,Norwich Knights 1,31.0,-,13.0,Nomads 1
267,2018/19,Bec 1,17.0,-,20.0,Trojans 1
268,2018/19,Norwich Knights 1,25.0,-,16.0,KV 1
269,2018/19,Kingfisher 1,17.0,-,19.0,Birmingham City 1
270,2018/19,Cambridge Tigers 1,23.0,-,23.0,Bristol Thunder 1
271,2018/19,Tornadoes 1,24.0,-,18.0,Nomads 1
272,2018/19,KV 1,20.0,-,28.0,Tornadoes 1
273,2018/19,Birmingham City 1,11.0,-,20.0,Trojans 1
274,2018/19,Cambridge Tigers 1,20.0,-,24.0,Nomads 1
275,2018/19,Norwich Knights 1,40.0,-,14.0,Bristol Thunder 1
276,2018/19,Kingfisher 1,20.0,-,31.0,Bec 1
277,2018/19,Bristol Thunder 1,19.0,-,45.0,Trojans 1
278,2018/19,Bristol Thunder 1,17.0,-,29.0,Kingfisher 1
279,2018/19,Nomads 1,25.0,-,26.0,KV 1
280,2018/19,Bec 1,29.0,-,17.0,Cambridge Tigers 1
281,2018/19,Tornadoes 1,29.0,-,14.0,Birmingham City 1
282,2018/19,Nomads 1,16.0,-,24.0,Bec 1
283,2018/19,KV 1,18.0,-,34.0,Trojans 1
284,2018/19,Tornadoes 1,26.0,-,14.0,Cambridge Tigers 1
285,2018/19,Birmingham City 1,13.0,-,19.0,Bristol Thunder 1
286,2018/19,Kingfisher 1,16.0,-,20.0,Norwich Knights 1
287,2018/19,Bristol Thunder 1,12.0,-,29.0,Bec 1
288,2018/19,Nomads 1,13.0,-,40.0,Trojans 1
289,2018/19,Kingfisher 1,17.0,-,25.0,Tornadoes 1
290,2018/19,Cambridge Tigers 1,20.0,-,39.0,Norwich Knights 1
291,2018/19,KV 1,13.0,-,16.0,Birmingham City 1
292,2018/19,Cambridge Tigers 1,18.0,-,27.0,Kingfisher 1
293,2018/19,Norwich Knights 1,21.0,-,17.0,Tornadoes 1
294,2018/19,Nomads 1,22.0,-,11.0,Birmingham City 1
295,2018/19,Bec 1,27.0,-,15.0,KV 1
296,2018/19,Birmingham City 1,11.0,-,30.0,Norwich Knights 1
297,2018/19,Trojans 1,27.0,-,22.0,Cambridge Tigers 1
298,2018/19,Bristol Thunder 1,16.0,-,31.0,KV 1
299,2018/19,KV 1,16.0,-,24.0,Bec 1
300,2018/19,Tornadoes 1,23.0,-,33.0,Norwich Knights 1
301,2018/19,Birmingham City 1,16.0,-,24.0,Nomads 1
302,2018/19,Kingfisher 1,22.0,-,22.0,Cambridge Tigers 1
303,2018/19,Trojans 1,30.0,-,8.0,Bristol Thunder 1
304,2018/19,Nomads 1,20.0,-,33.0,Norwich Knights 1
305,2018/19,Kingfisher 1,20.0,-,25.0,Trojans 1
306,2018/19,Bec 1,25.0,-,8.0,Birmingham City 1
307,2018/19,Bristol Thunder 1,17.0,-,36.0,Tornadoes 1
308,2018/19,KV 1,20.0,-,17.0,Kingfisher 1
309,2018/19,Tornadoes 1,24.0,-,24.0,Trojans 1
310,2018/19,Birmingham City 1,10.0,-,15.0,Cambridge Tigers 1
311,2018/19,Nomads 1,28.0,-,16.0,Bristol Thunder 1
312,2018/19,Tornadoes 1,31.0,-,21.0,Kingfisher 1
313,2018/19,Trojans 1,31.0,-,14.0,Nomads 1
314,2018/19,Norwich Knights 1,26.0,-,18.0,Cambridge Tigers 1
315,2018/19,Bec 1,24.0,-,6.0,Bristol Thunder 1
316,2018/19,Birmingham City 1,19.0,-,26.0,KV 1
317,2018/19,Norwich Knights 1,24.0,-,25.0,Trojans 1
318,2018/19,Bec 1,24.0,-,21.0,Tornadoes 1
319,2018/19,Birmingham City 1,17.0,-,35.0,Tornadoes 1
320,2018/19,Kingfisher 1,22.0,-,22.0,Bristol Thunder 1
321,2018/19,Cambridge Tigers 1,19.0,-,32.0,Bec 1
322,2018/19,Trojans 1,27.0,-,18.0,Norwich Knights 1
323,2018/19,KV 1,25.0,-,27.0,Nomads 1
324,2018/19,Bristol Thunder 1,8.0,-,38.0,Norwich Knights 1
325,2018/19,Tornadoes 1,33.0,-,18.0,KV 1
326,2018/19,Bec 1,30.0,-,19.0,Kingfisher 1
327,2018/19,Trojans 1,40.0,-,10.0,Birmingham City 1
328,2018/19,Nomads 1,32.0,-,24.0,Cambridge Tigers 1
329,2018/19,Tornadoes 1,21.0,-,31.0,Bec 1
330,2018/19,Kingfisher 1,33.0,-,20.0,Nomads 1
331,2018/19,Norwich Knights 1,24.0,-,7.0,Birmingham City 1
332,2018/19,Cambridge Tigers 1,18.0,-,33.0,Trojans 1
333,2018/19,KV 1,21.0,-,20.0,Bristol Thunder 1
334,2018/19,Nomads 1,25.0,-,30.0,Kingfisher 1
335,2018/19,Bristol Thunder 1,24.0,-,13.0,Birmingham City 1
336,2018/19,Bec 1,24.0,-,21.0,Nomads 1
337,2018/19,Norwich Knights 1,25.0,-,21.0,Kingfisher 1
338,2018/19,Cambridge Tigers 1,14.0,-,38.0,Tornadoes 1
339,2018/19,Trojans 1,32.0,-,12.0,KV 1
340,2018/19,Bristol Thunder 1,22.0,-,30.0,Cambridge Tigers 1
341,2018/19,Trojans 1,26.0,-,25.0,Bec 1
342,2018/19,KV 1,22.0,-,22.0,Norwich Knights 1
343,2018/19,Birmingham City 1,14.0,-,23.0,Kingfisher 1
344,2018/19,Nomads 1,29.0,-,35.0,Tornadoes 1
345,2018/19,Norwich Knights 1,16.0,-,20.0,Bec 1
346,2018/19,Trojans 1,31.0,-,11.0,Kingfisher 1
347,2018/19,Cambridge Tigers 1,29.0,-,25.0,KV 1
348,2019/20,Norwich Knights 1,20.0,-,13.0,KV 1
349,2019/20,Bec 1,24.0,-,17.0,Trojans 1
350,2019/20,Kingfisher 1,23.0,-,18.0,Highbury 1
351,2019/20,Cambridge Tigers 1,19.0,-,13.0,Bristol Thunder 1
352,2019/20,Tornadoes 1,31.0,-,12.0,Nomads 1
353,2019/20,KV 1,20.0,-,18.0,Cambridge Tigers 1
354,2019/20,Trojans 1,29.0,-,23.0,Kingfisher 1
355,2019/20,Tornadoes 1,32.0,-,19.0,Bristol Thunder 1
356,2019/20,Bec 1,34.0,-,11.0,Highbury 1
357,2019/20,KV 1,19.0,-,17.0,Nomads 1
358,2019/20,Trojans 1,31.0,-,17.0,Norwich Knights 1
359,2019/20,Bristol Thunder 1,28.0,-,19.0,Kingfisher 1
360,2019/20,Tornadoes 1,35.0,-,9.0,Highbury 1
361,2019/20,Cambridge Tigers 1,19.0,-,29.0,Bec 1
362,2019/20,Tornadoes 1,23.0,-,13.0,KV 1
363,2019/20,Norwich Knights 1,33.0,-,18.0,Bristol Thunder 1
364,2019/20,Cambridge Tigers 1,21.0,-,18.0,Nomads 1
365,2019/20,Trojans 1,35.0,-,12.0,Highbury 1
366,2019/20,Bec 1,24.0,-,12.0,Kingfisher 1
367,2019/20,Bristol Thunder 1,14.0,-,37.0,Bec 1
368,2019/20,Tornadoes 1,38.0,-,6.0,Kingfisher 1
369,2019/20,Nomads 1,14.0,-,29.0,Trojans 1
370,2019/20,KV 1,23.0,-,15.0,Highbury 1
371,2019/20,Cambridge Tigers 1,20.0,-,40.0,Norwich Knights 1
372,2019/20,Nomads 1,12.0,-,28.0,Bec 1
373,2019/20,KV 1,15.0,-,27.0,Trojans 1
374,2019/20,Tornadoes 1,28.0,-,21.0,Cambridge Tigers 1
375,2019/20,Kingfisher 1,10.0,-,22.0,Norwich Knights 1
376,2019/20,Highbury 1,15.0,-,28.0,Bristol Thunder 1
377,2019/20,Bristol Thunder 1,23.0,-,29.0,Nomads 1
378,2019/20,Kingfisher 1,19.0,-,19.0,KV 1
379,2019/20,Bec 1,29.0,-,16.0,Norwich Knights 1
380,2019/20,Trojans 1,26.0,-,24.0,Tornadoes 1
381,2019/20,Cambridge Tigers 1,21.0,-,13.0,Highbury 1
382,2019/20,Norwich Knights 1,19.0,-,10.0,Nomads 1
383,2019/20,Trojans 1,32.0,-,15.0,Bristol Thunder 1
384,2019/20,Norwich Knights 1,19.0,-,28.0,Tornadoes 1
385,2019/20,Cambridge Tigers 1,27.0,-,23.0,Kingfisher 1
386,2019/20,Bec 1,32.0,-,16.0,KV 1
387,2019/20,Nomads 1,16.0,-,26.0,Kingfisher 1
388,2019/20,Trojans 1,34.0,-,18.0,Cambridge Tigers 1
389,2019/20,Bristol Thunder 1,19.0,-,11.0,KV 1
390,2019/20,Highbury 1,15.0,-,24.0,Norwich Knights 1
391,2019/20,Bristol Thunder 1,13.0,-,36.0,Trojans 1
392,2019/20,Nomads 1,18.0,-,17.0,Highbury 1
393,2019/20,Tornadoes 1,36.0,-,22.0,Norwich Knights 1
394,2019/20,Kingfisher 1,27.0,-,23.0,Cambridge Tigers 1
395,2019/20,KV 1,19.0,-,33.0,Bec 1
396,2019/20,Bristol Thunder 1,12.0,-,32.0,Tornadoes 1
397,2019/20,Kingfisher 1,16.0,-,38.0,Trojans 1
398,2019/20,Cambridge Tigers 1,24.0,-,23.0,KV 1
399,2019/20,Highbury 1,7.0,-,27.0,Bec 1
400,2019/20,Nomads 1,23.0,-,40.0,Tornadoes 1
401,2019/20,Kingfisher 1,16.0,-,33.0,Tornadoes 1
402,2019/20,Norwich Knights 1,38.0,-,24.0,Cambridge Tigers 1
403,2019/20,Trojans 1,26.0,-,17.0,Nomads 1
404,2019/20,Bec 1,33.0,-,17.0,Bristol Thunder 1
405,2019/20,Highbury 1,17.0,-,22.0,KV 1
406,2019/20,KV 1,16.0,-,9.0,Kingfisher 1
407,2019/20,Tornadoes 1,25.0,-,25.0,Trojans 1
408,2019/20,Norwich Knights 1,23.0,-,25.0,Bec 1
409,2019/20,Highbury 1,27.0,-,34.0,Cambridge Tigers 1
410,2019/20,Nomads 1,22.0,-,22.0,Bristol Thunder 1
411,2019/20,Bec 1,38.0,-,14.0,Cambridge Tigers 1
412,2019/20,Kingfisher 1,27.0,-,24.0,Bristol Thunder 1
413,2019/20,Nomads 1,13.0,-,15.0,KV 1
414,2019/20,Highbury 1,15.0,-,37.0,Tornadoes 1
415,2019/20,Bristol Thunder 1,23.0,-,27.0,Cambridge Tigers 1
416,2019/20,Nomads 1,26.0,-,31.0,Norwich Knights 1
417,2019/20,KV 1,20.0,-,24.0,Norwich Knights 1
418,2019/20,Highbury 1,13.0,-,22.0,Nomads 1
419,2019/20,Trojans 1,,-,,Bec 1
420,2019/20,Bristol Thunder 1,,-,,Norwich Knights 1
421,2019/20,KV 1,,-,,Tornadoes 1
422,2019/20,Kingfisher 1,,-,,Bec 1
423,2019/20,Nomads 1,,-,,Cambridge Tigers 1
424,2019/20,Highbury 1,,-,,Trojans 1
425,2019/20,Norwich Knights 1,,-,,Trojans 1
426,2019/20,Tornadoes 1,,-,,Bec 1
427,2019/20,Kingfisher 1,,-,,Nomads 1
428,2019/20,KV 1,,-,,Bristol Thunder 1
429,2019/20,Cambridge Tigers 1,,-,,Trojans 1
430,2019/20,Bristol Thunder 1,,-,,Highbury 1
431,2019/20,Bec 1,,-,,Nomads 1
432,2019/20,Norwich Knights 1,,-,,Kingfisher 1
433,2019/20,Cambridge Tigers 1,,-,,Tornadoes 1
434,2019/20,Highbury 1,,-,,Kingfisher 1
435,2019/20,Bec 1,,-,,Tornadoes 1
436,2019/20,Norwich Knights 1,,-,,Highbury 1
437,2019/20,Trojans 1,,-,,KV 1
